INSERT INTO tourists (id, name, password, nid, dob, email, phone, address) VALUES
(1, 'Rashed Mia', '$2y$10$OM8jFmbNbVA7VxYLfvw7eOX/2NB.wPBM0MB/Hr0Z/9N8pRWIQjpim', '9357128460', '2003-05-12', 'rashed.mia@example.com', '01711112222', 'Gulshan, Dhaka'),
(2, 'Shakiba Rahman', '$2y$10$OM8jFmbNbVA7VxYLfvw7eOX/2NB.wPBM0MB/Hr0Z/9N8pRWIQjpim', '8742035619', '2002-11-30', 'shakiba.rahman22@gmail.com', '01712223333', 'Banani, Dhaka'),
(3, 'Taslima Akter', '$2y$10$OM8jFmbNbVA7VxYLfvw7eOX/2NB.wPBM0MB/Hr0Z/9N8pRWIQjpim', '5619283740', '2004-07-15', 'taslima.akter_04@yahoo.com', '01713334444', 'Uttara, Dhaka'),
(4, 'Farhana Siddiqua', '$2y$10$OM8jFmbNbVA7VxYLfvw7eOX/2NB.wPBM0MB/Hr0Z/9N8pRWIQjpim', '4982761350', '2001-03-20', 'farhana.siddiqua01@hotmail.com', '01714445555', 'Dhanmondi, Dhaka'),
(5, 'Sajib Ahmed', '$2y$10$OM8jFmbNbVA7VxYLfvw7eOX/2NB.wPBM0MB/Hr0Z/9N8pRWIQjpim', '7629153840', '2000-12-05', 'sajib.ahmed25@gmail.com', '01715556666', 'Chittagong, Chattogram'),
(6, 'Payel Sultana', '$2y$10$OM8jFmbNbVA7VxYLfvw7eOX/2NB.wPBM0MB/Hr0Z/9N8pRWIQjpim', '8305917462', '2005-09-18', 'payel.sultana_05@live.com', '01716667777', 'Cantonment, Dhaka'),
(7, 'Samiha Noor', '$2y$10$OM8jFmbNbVA7VxYLfvw7eOX/2NB.wPBM0MB/Hr0Z/9N8pRWIQjpim', '6491827350', '2006-02-22', 'samiha.noor06@outlook.com', '01717778888', 'Sylhet Sadar, Sylhet'),
(8, 'Arif Hossain', '$2y$10$OM8jFmbNbVA7VxYLfvw7eOX/2NB.wPBM0MB/Hr0Z/9N8pRWIQjpim', '1579823460', '2003-08-10', 'arif.hossain03@mail.com', '01718889999', 'Rajshahi Sadar, Rajshahi'),
(9, 'Nusrat Jahan', '$2y$10$OM8jFmbNbVA7VxYLfvw7eOX/2NB.wPBM0MB/Hr0Z/9N8pRWIQjpim', '9284756130', '2002-06-28', 'nusrat.jahan_02@yahoo.com', '01719990000', 'Rangpur, Rangpur'),
(10, 'Nabila Islam', '$2y$10$OM8jFmbNbVA7VxYLfvw7eOX/2NB.wPBM0MB/Hr0Z/9N8pRWIQjpim', '7361842590', '2004-04-04', 'nabila.islam04@gmail.com', '01710001111', 'Baridhara, Dhaka'),
(11, 'Zahidul Islam', '$2y$10$OM8jFmbNbVA7VxYLfvw7eOX/2NB.wPBM0MB/Hr0Z/9N8pRWIQjpim', '8401592673', '2003-10-09', 'zahidul.islam03@ymail.com', '01710112233', 'Mirpur, Dhaka'),
(12, 'Poriya Begum', '$2y$10$OM8jFmbNbVA7VxYLfvw7eOX/2NB.wPBM0MB/Hr0Z/9N8pRWIQjpim', '3758209641', '2005-11-11', 'poriya.begum05@live.in', '01710223344', 'Motijheel, Dhaka'),
(13, 'Rumana Akter', '$2y$10$OM8jFmbNbVA7VxYLfvw7eOX/2NB.wPBM0MB/Hr0Z/9N8pRWIQjpim', '6824713590', '2007-01-17', 'rumana.akter18@gmail.com', '01710334455', 'Lalbagh, Dhaka'),
(14, 'Adnan Habib', '$2y$10$OM8jFmbNbVA7VxYLfvw7eOX/2NB.wPBM0MB/Hr0Z/9N8pRWIQjpim', '5917238460', '2002-03-03', 'adnan.habib02@yahoo.com', '01710445566', 'Pahartali, Chattogram'),
(15, 'Tanvir Ahmed', '$2y$10$OM8jFmbNbVA7VxYLfvw7eOX/2NB.wPBM0MB/Hr0Z/9N8pRWIQjpim', '4738156290', '2001-09-29', 'tanvir.ahmed01@outlook.com', '01710556677', 'Bashundhara, Dhaka'),
(16, 'Firoza Islam Pinky', '$2y$10$OM8jFmbNbVA7VxYLfvw7eOX/2NB.wPBM0MB/Hr0Z/9N8pRWIQjpim', '8720354196', '1998-03-02', 'firoza.pinky27@gmail.com', '01710667788', 'Mohammadpur, Dhaka'),
(17, 'Tanisha Roy', '$2y$10$OM8jFmbNbVA7VxYLfvw7eOX/2NB.wPBM0MB/Hr0Z/9N8pRWIQjpim', '9458201736', '1996-08-15', 'tanisha.roy29@yahoo.com', '01710778899', 'Kalabagan, Dhaka'),
(18, 'Samiul Islam', '$2y$10$OM8jFmbNbVA7VxYLfvw7eOX/2NB.wPBM0MB/Hr0Z/9N8pRWIQjpim', '8137492650', '1995-12-20', 'samiul.islam30@mail.com', '01710889900', 'Jamalpur, Jamalpur'),
(19, 'Imran Hossain', '$2y$10$OM8jFmbNbVA7VxYLfvw7eOX/2NB.wPBM0MB/Hr0Z/9N8pRWIQjpim', '7601943825', '1994-05-06', 'imran.hossain31@live.com', '01710990011', 'Mymensingh, Mymensingh'),
(20, 'Mitu Chowdhury', '$2y$10$OM8jFmbNbVA7VxYLfvw7eOX/2NB.wPBM0MB/Hr0Z/9N8pRWIQjpim', '9283741560', '1997-07-11', 'mitu.chowdhury28@gmail.com', '01711001122', 'Feni Sadar, Feni'),
(21, 'Rafia Sultana', '$2y$10$OM8jFmbNbVA7VxYLfvw7eOX/2NB.wPBM0MB/Hr0Z/9N8pRWIQjpim', '6873419520', '1999-11-03', 'rafia.sultana26@ymail.com', '01711112233', 'Narayanganj, Narayanganj'),
(22, 'Tithi Das', '$2y$10$OM8jFmbNbVA7VxYLfvw7eOX/2NB.wPBM0MB/Hr0Z/9N8pRWIQjpim', '5398172640', '1993-04-25', 'tithi.das32@hotmail.com', '01711223344', 'Mogbazar, Dhaka'),
(23, 'Faisal Ahmed', '$2y$10$OM8jFmbNbVA7VxYLfvw7eOX/2NB.wPBM0MB/Hr0Z/9N8pRWIQjpim', '8047251963', '1992-09-14', 'faisal.ahmed33@mail.com', '01711334455', 'Comilla, Cumilla'),
(24, 'Omar Faruk', '$2y$10$OM8jFmbNbVA7VxYLfvw7eOX/2NB.wPBM0MB/Hr0Z/9N8pRWIQjpim', '6928457310', '1990-01-30', 'omar.faruk35@gmail.com', '01711445566', 'Khilgaon, Dhaka'),
(25, 'Puja Ghosh', '$2y$10$OM8jFmbNbVA7VxYLfvw7eOX/2NB.wPBM0MB/Hr0Z/9N8pRWIQjpim', '7812394650', '1998-12-27', 'puja.ghosh26@yahoo.com', '01711556677', 'Savar, Dhaka'),
(26, 'Charles Abhay Gomez', '$2y$10$OM8jFmbNbVA7VxYLfvw7eOX/2NB.wPBM0MB/Hr0Z/9N8pRWIQjpim', '9138754206', '1987-06-08', 'charles.gomez38@live.com', '01711667788', 'Dohar, Dhaka'),
(27, 'Anisur Rahman', '$2y$10$OM8jFmbNbVA7VxYLfvw7eOX/2NB.wPBM0MB/Hr0Z/9N8pRWIQjpim', '8642953170', '1985-11-11', 'anisur.rahman39@gmail.com', '01711778899', 'Noakhali, Noakhali'),
(28, 'Salma Parvin', '$2y$10$OM8jFmbNbVA7VxYLfvw7eOX/2NB.wPBM0MB/Hr0Z/9N8pRWIQjpim', '7421590836', '1989-03-19', 'salma.parvin36@yahoo.com', '01711889900', 'Barisal, Barisal'),
(29, 'Nasim Uddin', '$2y$10$OM8jFmbNbVA7VxYLfvw7eOX/2NB.wPBM0MB/Hr0Z/9N8pRWIQjpim', '6579204381', '1986-02-14', 'nasim.uddin39@mail.com', '01711990011', 'Patuakhali, Patuakhali'),
(30, 'Sadia Parvin', '$2y$10$OM8jFmbNbVA7VxYLfvw7eOX/2NB.wPBM0MB/Hr0Z/9N8pRWIQjpim', '8397425160', '1988-07-23', 'sadia.parvin37@outlook.com', '01712001122', 'Moulvibazar, Sylhet');

INSERT INTO tour_packages (id, name, image, duration_in_days, price) VALUES
(1, 'Cox’s Bazar Sea Beach Tour', 'images/packages/package-1.jpg', 3, 6000.00),
(2, 'Saint Martin’s Island Trip', 'images/packages/package-1.jpg', 3, 7000.00),
(3, 'Sea Explorer', 'images/packages/package-1.jpg', 7, 12000.00),
(4, 'Kuakata Sea Beach', 'images/packages/package-1.jpg', 1, 2000.00),
(5, 'Kuakata Sea Beach', 'images/packages/package-1.jpg', 3, 4500.00),
(6, 'Sundarbans Wildlife Adventure', 'images/packages/package-2.jpg', 1, 2000.00),
(7, 'Sundarbans Wildlife Adventure', 'images/packages/package-2.jpg', 3, 7000.00),
(8, 'Deep Sundarbans Exploration', 'images/packages/package-2.jpg', 5, 11000.00),
(9, 'Sajek Valley Hill Resort', 'images/packages/package-3.jpg', 5, 10000.00),
(10, 'Bandarban & Nilgiri Exploration', 'images/packages/package-3.jpg', 3, 11000.00),
(11, 'Chittagong & Hill District Deep Dive', 'images/packages/package-3.jpg', 9, 16000.00),
(12, 'Sylhet Tea Garden & Waterfall Tour', 'images/packages/package-5.jpg', 3, 8000.00),
(13, 'Day trip to Jaflong', 'images/packages/package-5.jpg', 1, 2000.00),
(14, 'Sylhet Highlands & Jaflong Daylight Tour', 'images/packages/package-5.jpg', 5, 12000.00),
(15, 'Paharpur Buddhist Monastery Visit', 'images/packages/package-6.jpg', 1, 1000.00),
(16, 'Bagerhat Sixty Dome Mosque & Heritage Tour', 'images/packages/package-4.jpg', 1, 1000.00),
(17, 'Bangladesh Cultural Expedition', 'images/packages/package-7.jpg', 2, 3500.00),
(18, 'Ultimate Bangladesh Tour', 'images/packages/package-8.jpg', 15, 30000.00);

INSERT INTO destinations (id, name, description, location) VALUES
(1, 'Cox’s Bazar Beach', 'Cox’s Bazar Beach is the crown jewel of southeastern Bangladesh, celebrated as the longest uninterrupted sandy beach in the world. Its vast stretch of golden sand and sparkling blue waters provide a perfect setting for leisure walks, water sports, and unforgettable sunsets. The beach is surrounded by vibrant local markets and resorts, making it an ideal destination for both relaxation and adventure.', 'Cox’s Bazar, Chattogram, Bangladesh'),
(2, 'Laboni Beach', 'Laboni Beach, located in the heart of Cox’s Bazar, offers a bustling seaside atmosphere with lively vendors, local eateries, and a panoramic view of the Bay of Bengal. It is a popular gathering spot for both locals and tourists who enjoy the vibrant culture, street food, and the soothing rhythm of the waves crashing onto the shore.', 'Cox’s Bazar, Chattogram, Bangladesh'),
(3, 'Inani Beach', 'Inani Beach is known for its unique coral stones and pristine natural beauty. Situated a short drive from the main Cox’s Bazar beach, it offers a quieter retreat with crystal clear waters and rugged coastal views. This beach is perfect for visitors seeking a peaceful escape and a closer encounter with nature.', 'Cox’s Bazar, Chattogram, Bangladesh'),
(4, 'Himchari', 'Himchari is a scenic coastal area near Cox’s Bazar famous for its lush green hills, cascading waterfalls, and panoramic ocean views. It is a favored spot for picnics and short treks, where visitors can experience nature’s splendor and the raw beauty of Bangladesh’s coastline.', 'Cox’s Bazar, Chattogram, Bangladesh'),
(5, 'Sugandha Beach', 'Sugandha Beach is a lesser‑known gem in Cox’s Bazar that offers tranquility and unspoiled natural beauty. With its soft sands and gentle waves, it provides a perfect getaway for those looking to escape the crowds and enjoy a peaceful day by the sea.', 'Cox’s Bazar, Chattogram, Bangladesh'),
(6, 'Saint Martin’s Island', 'Saint Martin’s Island is the only coral island in Bangladesh, renowned for its crystal‑clear turquoise waters, white sandy beaches, and vibrant marine life. This idyllic island offers excellent opportunities for snorkeling, scuba diving, and simply unwinding in a serene, natural environment.', 'Saint Martin’s, Cox’s Bazar, Bangladesh'),
(7, 'Chera Dwip', 'Chera Dwip is a small, tranquil island located near Saint Martin’s Island. With its rustic charm, pristine beaches, and lush vegetation, Chera Dwip offers visitors a peaceful escape from the hustle and bustle of city life, making it an ideal destination for relaxation and nature walks.', 'Saint Martin’s, Cox’s Bazar, Bangladesh'),
(8, 'Teknaf Coast', 'The Teknaf Coast forms the southernmost tip of Bangladesh and is known for its rugged beauty and cultural diversity. With its unspoiled beaches, mangrove forests, and vibrant local communities, the Teknaf Coast provides a unique glimpse into the maritime culture of the region.', 'Teknaf, Bangladesh'),
(9, 'Marine Drive', 'Marine Drive is a scenic coastal route offering spectacular views of the Bay of Bengal and the dynamic coastline near Cox’s Bazar and Saint Martin. This route is popular among travelers seeking a picturesque drive along winding roads lined with palm trees and breathtaking seascapes.', 'Cox’s Bazar, Bangladesh'),
(10, 'Kuakata Beach', 'Kuakata Beach is famed for offering an uninterrupted view of both sunrise and sunset over the Bay of Bengal. The wide sandy beach, coupled with the serene atmosphere, attracts visitors looking for a relaxing coastal experience as well as opportunities to capture mesmerizing photographic moments.', 'Kuakata, Patuakhali, Bangladesh'),
(11, 'Lebur Char', 'Lebur Char is a small, picturesque sandbar located off the coast near Kuakata. It is known for its natural beauty and serves as a quiet spot for visitors to enjoy the coastal scenery and the rhythmic sound of the waves, away from the more crowded beach areas.', 'Kuakata, Patuakhali, Bangladesh'),
(12, 'Fatrar Char', 'Fatrar Char is another charming sandbank near Kuakata that offers visitors a tranquil setting amid nature. Its isolated location and unspoiled surroundings make it an excellent spot for peaceful reflection and enjoying the natural coastal landscape of Bangladesh.', 'Kuakata, Patuakhali, Bangladesh'),
(13, 'Kuakata Buddhist Temple', 'Located near Kuakata Beach, the Kuakata Buddhist Temple is a serene place of worship that reflects the region’s rich cultural tapestry. This temple, adorned with traditional architecture and spiritual ambiance, offers visitors insight into local Buddhist practices and peaceful meditation.', 'Kuakata, Patuakhali, Bangladesh'),
(14, 'Rakhain Palli', 'Rakhain Palli represents the cultural heritage of the indigenous Rakhain community near Kuakata. It is a vibrant area where traditional lifestyle, architecture, and local crafts come together, offering visitors an authentic experience of the region’s ethnic diversity and heritage.', 'Kuakata, Patuakhali, Bangladesh'),
(15, 'Jhau Forest', 'Jhau Forest, located near Kuakata, is a lush green forest area that showcases the natural biodiversity of the region. With its dense canopy and serene walking trails, it is an ideal spot for nature enthusiasts to explore and appreciate the flora and fauna of southwestern Bangladesh.', 'Kuakata, Patuakhali, Bangladesh'),
(16, 'Sundarbans', 'The Sundarbans is the world’s largest mangrove forest and a UNESCO World Heritage Site, teeming with rich biodiversity including the Royal Bengal Tiger, crocodiles, and myriad bird species. Its labyrinth of tidal waterways and dense vegetation offers an unforgettable adventure into one of nature’s most unique ecosystems.', 'Khulna & Bagerhat, Bangladesh'),
(17, 'Karamjal', 'Karamjal is a notable area within the Sundarbans renowned for its picturesque waterways and rustic charm. This region serves as a gateway to the mangrove forests, offering visitors an authentic experience of the local ecosystem and the traditional lifestyle of the communities living along the river banks.', 'Khulna, Bangladesh'),
(18, 'Harbaria', 'Harbaria is another key location in the Sundarbans, known for its scenic river views and access to the heart of the mangrove forest. The area is appreciated for its untouched natural beauty and is a popular starting point for boat tours that explore the intricate network of tidal channels.', 'Khulna, Bangladesh'),
(19, 'Hiron Point', 'Hiron Point is a renowned viewpoint in the Sundarbans, offering panoramic vistas of the dense mangrove forest and winding waterways. It is a favorite spot for nature enthusiasts and photographers who wish to capture the raw beauty of this unique ecosystem.', 'Khulna, Bangladesh'),
(20, 'Dublar Char', 'Dublar Char is a small island within the Sundarbans that attracts visitors for its unspoiled natural surroundings. This sandy isle offers a close-up look at the dynamic interplay between land and water in the mangrove ecosystem, making it a significant stop on any Sundarbans tour.', 'Khulna, Bangladesh'),
(21, 'Katka', 'Katka is a popular destination in the Sundarbans known for its diverse wildlife and scenic boat rides. With its rugged terrain and close proximity to the mangrove forest, Katka provides visitors with an immersive experience of the region’s natural splendor.', 'Khulna, Bangladesh'),
(22, 'Tin Kona Island', 'Tin Kona Island is a secluded island in the Sundarbans, offering visitors a rare glimpse of untouched nature. Its isolation and pristine environment make it an ideal spot for those seeking a quiet retreat amidst the mangrove forests and winding waterways.', 'Khulna, Bangladesh'),
(23, 'Jamtola Beach', 'Jamtola Beach is a lesser‑known gem within the Sundarbans area that boasts a serene shoreline and soft sands. Its peaceful ambiance and natural beauty make it an attractive destination for travelers looking to relax away from more crowded tourist spots.', 'Khulna, Bangladesh'),
(24, 'Kochikhali', 'Kochikhali is a notable coastal area in the Sundarbans renowned for its rugged beauty and close proximity to the mangrove forest. It serves as an important landmark on many Sundarbans tours, offering unique views of tidal waterways and diverse wildlife.', 'Khulna, Bangladesh'),
(25, 'Sajek Valley', 'Sajek Valley is nestled in the hills of Rangamati and is celebrated for its breathtaking landscapes, including rolling green hills, misty mountains, and vibrant sunsets. The valley is home to indigenous communities and offers visitors a unique blend of natural beauty and cultural heritage.', 'Rangamati, Bangladesh'),
(26, 'Ruilui Para', 'Ruilui Para is a quaint village in the Sajek Valley area that reflects the traditional lifestyle of local indigenous people. Its rustic charm, scenic surroundings, and warm community atmosphere make it a memorable stop for those exploring the natural beauty of Sajek.', 'Rangamati, Bangladesh'),
(27, 'Sajek View Point', 'Sajek View Point offers visitors an elevated perspective of the stunning Sajek Valley. With panoramic views of the lush hills and misty landscapes, this spot is perfect for photography and for experiencing the tranquil ambiance of the region.', 'Rangamati, Bangladesh'),
(28, 'Konglak Hill', 'Konglak Hill is a prominent natural landmark in the Sajek Valley region, offering breathtaking views of the surrounding mountains and valleys. The hill is a popular destination for trekkers and nature lovers, providing a challenging yet rewarding hiking experience.', 'Rangamati, Bangladesh'),
(29, 'Bandarban', 'Bandarban is a rugged, hill‑dominated region in southeastern Bangladesh, famed for its towering peaks, cascading waterfalls, and rich indigenous culture. Adventure seekers and nature enthusiasts visit Bandarban for trekking, rock climbing, and to experience the stunning natural landscapes of the hill tracts.', 'Bandarban, Bangladesh'),
(30, 'Nilgiri', 'Nilgiri is a picturesque hill station in Bangladesh known for its cool climate and panoramic views of the surrounding valleys. The area is popular among tourists for trekking and experiencing the natural beauty of the hill tracts, along with a glimpse into local indigenous culture.', 'Bandarban, Bangladesh'),
(31, 'Nilachal', 'Nilachal is a revered hill in the Bandarban region that offers spiritual solace as well as stunning natural vistas. Its lush greenery and panoramic views make it a favored destination for both pilgrims and tourists seeking a connection with nature.', 'Bandarban, Bangladesh'),
(32, 'Meghla', 'Meghla is an area in Bandarban celebrated for its natural beauty and refreshing climate. With lush landscapes and cascading waterfalls, Meghla provides a serene escape into nature, ideal for trekking and enjoying the scenic charm of the hill regions.', 'Bandarban, Bangladesh'),
(33, 'Chittagong City', 'Chittagong is a bustling port city with a rich historical and cultural heritage. Known for its busy markets, diverse cuisine, and close proximity to natural attractions like beaches and hills, the city offers a dynamic mix of urban life and natural beauty.', 'Chattogram, Bangladesh'),
(34, 'Patenga Beach', 'Patenga Beach is a popular seaside destination near Chittagong, offering a wide stretch of sandy shore and picturesque sunsets. It is a favored spot for both locals and visitors who come to enjoy the refreshing sea breeze, local snacks, and vibrant coastal atmosphere.', 'Chattogram, Bangladesh'),
(35, 'Foy’s Lake', 'Foy’s Lake is a scenic man‑made lake surrounded by rolling hills and lush greenery near Chittagong. A popular leisure destination, it offers boat rides, picnic spots, and an amusement park, making it an ideal spot for family outings and relaxation amidst nature.', 'Chattogram, Bangladesh'),
(36, 'Mirsarai', 'Mirsarai is known for its picturesque hills, winding rivers, and the famous Mirsarai Fountains. This area offers a blend of natural beauty and cultural heritage, attracting visitors who seek outdoor adventures, scenic treks, and a tranquil escape into the rustic landscapes of the Chattogram division.', 'Chattogram, Bangladesh'),
(37, 'Chandranath Hill', 'Chandranath Hill is a revered pilgrimage site and scenic hill in the Chittagong region, renowned for its ancient temple and panoramic views of the surrounding landscape. The hill attracts devotees and tourists alike, offering a peaceful retreat and a glimpse into the spiritual heritage of the area.', 'Chattogram, Bangladesh'),
(38, 'Chittagong Fountain Park', 'Chittagong Fountain Park is a popular recreational area in Chittagong, featuring striking water displays, landscaped gardens, and modern amenities. This vibrant park offers a refreshing escape within the urban environment, making it a favorite spot for families and visitors looking to relax and enjoy the outdoors.', 'Chattogram, Bangladesh'),
(39, 'Rangamati', 'Rangamati is a charming town in southeastern Bangladesh known for its scenic lakes, rolling hills, and rich tribal culture. The area offers boating, trekking, and cultural experiences among lush landscapes, making it a vibrant destination for both adventure seekers and those looking for a peaceful retreat.', 'Rangamati, Bangladesh'),
(40, 'Kaptai Lake', 'Kaptai Lake, the largest man‑made lake in Bangladesh, is surrounded by rolling hills and dense forests. It offers mesmerizing views, boating opportunities, and a serene environment that attracts tourists seeking relaxation and adventure in a natural setting.', 'Rangamati, Bangladesh'),
(41, 'Boga Lake', 'Boga Lake is a remote, high‑altitude lake in the hill tracts of Bangladesh known for its pristine waters and spectacular natural surroundings. Accessible by a challenging trek, the lake is a hidden gem for adventure enthusiasts and nature lovers who appreciate off‑the‑beaten‑path destinations.', 'Bandarban, Bangladesh'),
(42, 'Sylhet', 'Sylhet, in northeastern Bangladesh, is celebrated for its lush tea gardens, rolling hills, and rich cultural heritage. The city is a hub for nature enthusiasts and spiritual seekers, offering serene landscapes, historic sites, and a warm, welcoming atmosphere that reflects the region’s unique charm.', 'Sylhet, Bangladesh'),
(43, 'Malanichhera Tea Garden', 'Malanichhera Tea Garden is one of Sylhet’s most renowned tea estates, featuring sprawling green plantations and a cool, refreshing climate. Visitors can tour the estate, learn about the tea-making process, and enjoy scenic views of neatly arranged tea bushes against a backdrop of rolling hills.', 'Sylhet, Bangladesh'),
(44, 'Lakkatura Tea Garden', 'Lakkatura Tea Garden is another picturesque tea estate in Sylhet, famous for its verdant landscapes and tranquil ambiance. The garden offers visitors a chance to experience the art of tea cultivation while enjoying peaceful walks amidst lush greenery and cool, refreshing air.', 'Sylhet, Bangladesh'),
(45, 'Madhabkunda Falls', 'Madhabkunda Falls is one of the largest and most spectacular waterfalls in Bangladesh. Set amidst a rugged, forested landscape, the falls provide a dramatic display of nature’s power and beauty, attracting visitors for picnics, trekking, and photography in a serene natural setting.', 'Sylhet, Bangladesh'),
(46, 'Tea Museum', 'The Tea Museum in Sylhet offers a fascinating insight into the history and culture of tea production in Bangladesh. Through interactive exhibits and historical artifacts, visitors can learn about the evolution of tea cultivation and its significant impact on the local economy and lifestyle.', 'Sylhet, Bangladesh'),
(47, 'Jaflong', 'Jaflong is a scenic destination in northeastern Bangladesh famed for its rolling hills, tea gardens, and the crystal clear Dawki River. The region offers breathtaking views, opportunities for boat rides, and encounters with indigenous culture, making it a cherished retreat for nature lovers and photographers.', 'Sylhet, Bangladesh'),
(48, 'Bichanakandi', 'Bichanakandi is a tranquil spot in Sylhet known for its striking natural rock formations and clear flowing river. Its unique landscape, featuring large stones emerging from the water, creates a picturesque setting that is perfect for photography and quiet reflection.', 'Sylhet, Bangladesh'),
(49, 'Sitakundu', 'Sitakundu is a verdant region in the Chattogram division celebrated for its scenic waterfalls, rolling hills, and rich biodiversity. With lush forests and a peaceful environment, Sitakundu offers visitors an ideal escape into nature, perfect for hiking, nature walks, and exploring local cultural sites.', 'Chattogram, Bangladesh'),
(50, 'Ratargul Swamp Forest', 'Ratargul Swamp Forest is one of the few swamp forests in the world, renowned for its unique ecosystem and waterlogged landscapes. During the monsoon, its waters rise, creating a mesmerizing network of flooded forests that can be explored by boat, offering a surreal and peaceful experience in nature.', 'Sylhet, Bangladesh'),
(51, 'Pangthumai Falls', 'Pangthumai Falls is a stunning waterfall located in the Sylhet region, known for its cascading waters and lush surroundings. The falls provide a refreshing retreat for visitors, who come to admire the natural beauty, take refreshing dips, and enjoy the serene ambiance of the area.', 'Sylhet, Bangladesh'),
(52, 'Paharpur', 'Paharpur is an archaeological treasure in northern Bangladesh, home to the ancient ruins of the Somapura Mahavihara. This UNESCO World Heritage Site offers a glimpse into the rich history and cultural heritage of ancient Bengal, attracting history enthusiasts and scholars from around the world.', 'Naogaon, Bangladesh'),
(53, 'Somapura Mahavihara', 'Somapura Mahavihara is a magnificent ancient Buddhist monastery complex in Paharpur, dating back to the 8th century. This UNESCO World Heritage Site is renowned for its impressive architecture and historical significance, providing insight into the rich cultural and religious history of the region.', 'Naogaon, Bangladesh'),
(54, 'Sixty Dome Mosque', 'The Sixty Dome Mosque in Bagerhat is an architectural marvel of medieval Bengal. With its unique design and historical importance, the mosque stands as a testament to the rich Islamic heritage of the region, drawing visitors interested in history, architecture, and culture.', 'Bagerhat, Bangladesh'),
(55, 'Khan Jahan Ali Shrine', 'The Khan Jahan Ali Shrine is an important historical and religious site in Bagerhat, known for its intricate design and spiritual significance. The shrine attracts pilgrims and tourists alike, offering a glimpse into the rich cultural tapestry and architectural legacy of medieval Bengal.', 'Bagerhat, Bangladesh'),
(56, 'Bagerhat Fountains', 'Bagerhat Fountains are a unique attraction in Bagerhat, blending art and engineering in an urban setting. These decorative water features enhance the historical ambience of the city and serve as popular landmarks for visitors exploring the rich heritage of this ancient town.', 'Bagerhat, Bangladesh'),
(57, 'Ahsan Manzil', 'Ahsan Manzil, also known as the Pink Palace, is a magnificent 19th-century palace in Dhaka that reflects the opulent lifestyle of the Nawabs of Dhaka. Today, it stands as a museum, offering insights into the history, architecture, and cultural evolution of Bangladesh.', 'Dhaka, Bangladesh'),
(58, 'Lalbagh Fort', 'Lalbagh Fort is a 17th‑century Mughal fort in Dhaka renowned for its historical significance and beautiful architecture. With lush gardens, ancient structures, and intricate details, the fort provides visitors with a window into the region’s rich colonial and Mughal past.', 'Dhaka, Bangladesh'),
(59, 'Panam City', 'Panam City is a historic ruined city near Dhaka that offers a glimpse into the bygone era of Bengal’s prosperous trading history. Its crumbling buildings, narrow lanes, and evocative atmosphere make it a fascinating destination for history buffs and curious travelers.', 'Dhaka, Bangladesh'),
(60, 'Mainamati Ruins', 'Mainamati Ruins are a collection of ancient Buddhist archaeological sites in Bangladesh, offering insights into the country’s rich religious and cultural past. The ruins, spread across lush landscapes, attract historians and tourists who wish to explore the legacy of ancient Bengal.', 'Comilla, Bangladesh'),
(61, 'Mahasthangarh', 'Mahasthangarh is one of the oldest archaeological sites in Bangladesh, dating back to the early centuries of the Common Era. This ancient city, with its ruins and artifacts, provides a fascinating glimpse into early urban civilization and the historical legacy of the region.', 'Bogra, Bangladesh');

INSERT INTO destinations_gallery (id, destination_id, image) VALUES
(1, 1, 'images/destinations/coxs-bazar-1.jpg'),
(2, 1, 'images/destinations/coxs-bazar-2.jpg'),
(3, 1, 'images/destinations/coxs-bazar-3.jpg'),
(4, 1, 'images/destinations/coxs-bazar-4.jpg'),
(5, 2, 'images/destinations/laboni-beach-1.jpg'),
(6, 3, 'images/destinations/inani-beach-1.jpg'),
(7, 4, 'images/destinations/himchori-1.jpg'),
(8, 5, 'images/destinations/sugondha-beach-1.jpg'),
(89, 6, 'images/destinations/saint-martin-1.jpg'),
(10, 6, 'images/destinations/saint-martin-2.jpg'),
(11, 6, 'images/destinations/saint-martin-3.jpg'),
(12, 6, 'images/destinations/saint-martin-4.jpg'),
(13, 7, 'images/destinations/chera-dwip-1.jpg'),
(14, 8, 'images/destinations/teknaf-coast-1.jpg'),
(15, 10, 'images/destinations/kuakata-1.jpg'),
(16, 10, 'images/destinations/kuakata-2.jpg'),
(17, 10, 'images/destinations/kuakata-3.jpg'),
(18, 10, 'images/destinations/kuakata-4.jpg'),
(19, 11, 'images/destinations/lebur-char-1.jpg'),
(20, 12, 'images/destinations/fatrar-char-1.jpg'),
(21, 13, 'images/destinations/buddha-mandir-1.jpg'),
(22, 15, 'images/destinations/jhau-bon-1.jpg'),
(23, 16, 'images/destinations/sundarbans-1.jpg'),
(24, 16, 'images/destinations/sundarbans-2.jpg'),
(25, 16, 'images/destinations/sundarbans-3.jpg'),
(26, 17, 'images/destinations/karamjal-1.jpg'),
(27, 17, 'images/destinations/karamjal-2.jpg'),
(28, 18, 'images/destinations/harbaria-1.jpg'),
(29, 19, 'images/destinations/hiron-point-1.jpg'),
(30, 20, 'images/destinations/dublar-char-1.jpg'),
(31, 21, 'images/destinations/katka-1.jpg'),
(32, 22, 'images/destinations/tin-kona-island-1.jpg'),
(33, 23, 'images/destinations/jamtola-beach-1.jpg'),
(34, 24, 'images/destinations/kochikhali-1.jpg'),
(35, 25, 'images/destinations/sajek-valley-1.jpg'),
(36, 25, 'images/destinations/sajek-valley-2.jpg'),
(37, 28, 'images/destinations/konglak-hill-1.jpg'),
(38, 29, 'images/destinations/bandarban-1.jpg'),
(39, 29, 'images/destinations/bandarban-2.jpg'),
(40, 29, 'images/destinations/bandarban-3.jpg'),
(41, 29, 'images/destinations/bandarban-4.jpg'),
(42, 29, 'images/destinations/bandarban-5.jpg'),
(43, 30, 'images/destinations/nilgiri-1.jpg'),
(44, 31, 'images/destinations/nilachal-1.jpg'),
(45, 34, 'images/destinations/patenga-1.jpg'),
(46, 36, 'images/destinations/mirsharai-1.jpg'),
(47, 37, 'images/destinations/chandranath-1.jpg'),
(48, 40, 'images/destinations/kaptai-lake-1.jpg'),
(49, 41, 'images/destinations/boga-lake-1.jpg'),
(50, 42, 'images/destinations/sreemangal-1.jpg'),
(51, 42, 'images/destinations/sreemangal-2.jpg'),
(52, 42, 'images/destinations/sreemangal-3.jpg'),
(53, 45, 'images/destinations/madhabkunda-1.jpg'),
(54, 47, 'images/destinations/jaflong-1.jpg'),
(55, 47, 'images/destinations/jaflong-2.jpg'),
(56, 48, 'images/destinations/bichanakandi-1.jpg'),
(57, 49, 'images/destinations/sitakund-1.jpg'),
(58, 49, 'images/destinations/sitakund-2.jpg'),
(59, 50, 'images/destinations/ratargul-1.jpg'),
(60, 51, 'images/destinations/pangthumai-1.jpg'),
(61, 52, 'images/destinations/paharpur-1.jpg'),
(62, 53, 'images/destinations/sompur-bihar-1.jpg'),
(63, 54, 'images/destinations/bagerhat-mosque-city-1.jpg'),
(64, 54, 'images/destinations/bagerhat-mosque-city-2.jpg'),
(65, 54, 'images/destinations/bagerhat-mosque-city-3.jpg'),
(66, 57, 'images/destinations/ahsan-manjil-1.jpg'),
(67, 58, 'images/destinations/lalbagh-1.jpg'),
(68, 58, 'images/destinations/lalbagh-2.jpg'),
(69, 59, 'images/destinations/panam-1.jpg'),
(70, 59, 'images/destinations/panam-2.jpg'),
(71, 60, 'images/destinations/mainamati-1.jpg'),
(72, 61, 'images/destinations/mahansthangarh-1.jpg');

INSERT INTO destination_packages (destination_id, package_id) VALUES
(1, 1),
(1, 2),
(1, 3),
(2, 1),
(2, 3),
(3, 1),
(3, 3),
(4, 1),
(4, 3),
(5, 1),
(5, 3),
(6, 2),
(6, 3),
(7, 2),
(7, 3),
(8, 2),
(8, 3),
(9, 2),
(9, 3),
(10, 4),
(10, 5),
(10, 18),
(11, 4),
(11, 5),
(11, 18),
(12, 4),
(12, 5),
(12, 18),
(13, 4),
(13, 5),
(13, 18),
(14, 4),
(14, 5),
(14, 18),
(15, 4),
(15, 5),
(15, 18),
(16, 6),
(16, 7),
(16, 8),
(16, 18),
(17, 6),
(17, 7),
(17, 8),
(17, 18),
(18, 6),
(18, 7),
(18, 8),
(18, 18),
(19, 6),
(19, 7),
(19, 8),
(19, 18),
(20, 6),
(20, 7),
(20, 8),
(20, 18),
(21, 6),
(21, 7),
(21, 8),
(21, 18),
(22, 6),
(22, 7),
(22, 8),
(22, 18),
(23, 6),
(23, 7),
(23, 8),
(23, 18),
(24, 6),
(24, 7),
(24, 8),
(24, 18),
(25, 9),
(25, 11),
(25, 18),
(26, 9),
(26, 11),
(26, 18),
(27, 9),
(27, 11),
(27, 18),
(28, 9),
(28, 11),
(28, 18),
(29, 10),
(29, 11),
(29, 18),
(30, 10),
(30, 11),
(30, 18),
(31, 10),
(31, 11),
(31, 18),
(32, 10),
(32, 11),
(32, 18),
(33, 11),
(33, 18),
(34, 11),
(34, 18),
(35, 11),
(35, 18),
(36, 11),
(36, 18),
(37, 11),
(37, 18),
(38, 11),
(38, 18),
(39, 11),
(39, 18),
(40, 11),
(40, 18),
(41, 11),
(41, 18),
(42, 12),
(42, 14),
(42, 18),
(43, 12),
(43, 14),
(43, 18),
(44, 12),
(44, 14),
(44, 18),
(45, 12),
(45, 14),
(45, 18),
(46, 12),
(46, 14),
(46, 18),
(47, 13),
(47, 14),
(47, 18),
(48, 13),
(48, 14),
(48, 18),
(49, 14),
(49, 18),
(50, 14),
(50, 18),
(51, 14),
(51, 18),
(52, 15),
(52, 18),
(53, 15),
(53, 18),
(54, 16),
(54, 18),
(55, 16),
(55, 18),
(56, 16),
(56, 18),
(57, 17),
(57, 18),
(58, 17),
(58, 18),
(59, 17),
(59, 18),
(60, 17),
(60, 18),
(61, 17),
(61, 18);

INSERT INTO activities (id, name) VALUES
(1, 'Hiking'),
(2, 'Camping'),
(3, 'Skiing'),
(4, 'Surfing'),
(5, 'Fishing'),
(6, 'Snorkeling'),
(7, 'Scuba Diving'),
(8, 'Horse Riding'),
(9, 'Paragliding'),
(10, 'Hot Air Balloon'),
(11, 'Cycling'),
(12, 'Wildlife Safari'),
(13, 'Rock Climbing'),
(14, 'Kayaking'),
(15, 'Rafting'),
(16, 'Desert Safari'),
(17, 'Snowboarding'),
(18, 'Mountaineering'),
(19, 'Bird Watching');

INSERT INTO destination_activities (activity_id, destination_id) VALUES
(1, 4),
(1, 25),
(1, 26),
(1, 27),
(1, 28),
(1, 29),
(1, 30),
(1, 31),
(1, 32),
(1, 37),
(1, 39),
(1, 41),
(1, 45),
(1, 47),
(1, 48),
(1, 49),
(1, 51),
(2, 8),
(2, 15),
(2, 25),
(2, 41),
(2, 45),
(4, 1),
(4, 2),
(4, 3),
(4, 5),
(4, 10),
(4, 34),
(6, 6),
(6, 7),
(6, 22),
(6, 10),
(7, 6),
(11, 9),
(11, 33),
(11, 35),
(11, 36),
(11, 38),
(11, 40),
(11, 43),
(11, 44),
(12, 16),
(12, 17),
(12, 18),
(12, 20),
(12, 21),
(12, 24),
(12, 50),
(13, 4),
(13, 29),
(13, 37),
(19, 11),
(19, 12),
(19, 36),
(19, 42),
(5, 23);

INSERT INTO staffs (id, name, password, email, dob, nid, image, role, phone, address, joining_date, availability) VALUES
(1, 'Hasan Mahmud', '$2y$10$OM8jFmbNbVA7VxYLfvw7eOX/2NB.wPBM0MB/Hr0Z/9N8pRWIQjpim', 'hasan.guide@example.com', '1985-04-15', '123456789012', 'images/guides/staff-1.jpg', 'Manager', '01721111111', 'Cox’s Bazar', '2020-05-10', TRUE),
(2, 'Mizan Rahman', '$2y$10$OM8jFmbNbVA7VxYLfvw7eOX/2NB.wPBM0MB/Hr0Z/9N8pRWIQjpim', 'mizan.guide@example.com', '1982-11-30', '123456789013', 'images/guides/staff-2.jpg', 'Guide', '01722222222', 'Khulna', '2018-07-15', TRUE),
(3, 'Jahir Uddin', '$2y$10$OM8jFmbNbVA7VxYLfvw7eOX/2NB.wPBM0MB/Hr0Z/9N8pRWIQjpim', 'jahir.guide@example.com', '1988-06-20', '123456789014', 'images/guides/staff-3.jpg', 'Guide', '01723333333', 'Sylhet', '2019-08-20', TRUE),
(4, 'Aisha Keya', '$2y$10$OM8jFmbNbVA7VxYLfvw7eOX/2NB.wPBM0MB/Hr0Z/9N8pRWIQjpim', 'keya.guide@example.com', '1990-12-05', '123456789015', 'images/guides/staff-4.jpg', 'Guide', '01724444444', 'Dhaka', '2021-01-05', TRUE),
(5, 'Sajid Khan', '$2y$10$OM8jFmbNbVA7VxYLfvw7eOX/2NB.wPBM0MB/Hr0Z/9N8pRWIQjpim', 'sajid.guide@example.com', '1980-09-10', '123456789016', 'images/guides/staff-5.jpg', 'Guide', '01725555555', 'Bandarban', '2017-11-22', FALSE),
(6, 'Farzana Akter', '$2y$10$OM8jFmbNbVA7VxYLfvw7eOX/2NB.wPBM0MB/Hr0Z/9N8pRWIQjpim', 'farzana.manager@example.com', '1987-03-17', '123456789017', 'images/guides/staff-6.jpg', 'Guide', '01726666666', 'Chattogram', '2019-03-01', FALSE),
(7, 'Rafiul Islam', '$2y$10$OM8jFmbNbVA7VxYLfvw7eOX/2NB.wPBM0MB/Hr0Z/9N8pRWIQjpim', 'rafiul.support@example.com', '1993-01-08', '123456789018', 'images/guides/staff-7.jpg', 'Support', '01727777777', 'Rajshahi', '2020-09-12', TRUE),
(8, 'Shamim Reza', '$2y$10$OM8jFmbNbVA7VxYLfvw7eOX/2NB.wPBM0MB/Hr0Z/9N8pRWIQjpim', 'shamim.guide@example.com', '1991-05-23', '123456789019', 'images/guides/staff-8.jpg', 'Guide', '01728888888', 'Mymensingh', '2022-02-25', TRUE),
(9, 'Labiba Hossain', '$2y$10$OM8jFmbNbVA7VxYLfvw7eOX/2NB.wPBM0MB/Hr0Z/9N8pRWIQjpim', 'labiba.finance@example.com', '1992-08-14', '123456789020', 'images/guides/staff-9.jpg', 'Finance', '01729999999', 'Barisal', '2021-06-18', TRUE);

INSERT INTO transportations (id, transport_type, company, capacity, departure_location, departure_time, driver_contact) VALUES
(1, 'Bus', 'Green Travels', 40, 'Dhaka', '2025-03-01 08:00:00', '01726667777'),
(2, 'Ship', 'Sundarban Ship Service', 30, 'Khulna', '2025-03-03 10:00:00', '01733333444'),
(3, 'Bus', 'Saint Martin Bus Service', 30, 'Cox’s Bazar', '2025-03-05 09:00:00', '01727778888'),
(4, 'Ship', 'Sundarban Cruise', 30, 'Khulna', '2025-03-05 09:00:00', '01734444555'),
(5, 'Ship', 'Oceanic Cruises', 30, 'Cox’s Bazar', '2025-03-06 09:30:00', '01727778889'),
(6, 'Ship', 'Deep Sundarban Cruises', 30, 'Khulna', '2025-03-07 11:00:00', '01735555666'),
(7, 'Ship', 'Sundarban Ship Service', 30, 'Khulna', '2025-03-08 10:00:00', '01733333444'),
(8, 'Bus', 'Hill Travels', 40, 'Dhaka', '2025-03-09 08:30:00', '01736666777'),
(9, 'Airplane', 'Biman Bangladesh', 200, 'Dhaka', '2025-03-10 07:30:00', '01729990000'),
(10, 'Bus', 'Jaflong Express', 40, 'Dhaka', '2025-03-10 09:00:00', '01741111222'),
(11, 'Bus', 'Bandarban Express', 40, 'Dhaka', '2025-03-11 07:45:00', '01737777888'),
(12, 'Bus', 'Heritage Express', 40, 'Dhaka', '2025-03-11 10:00:00', '01744444555'),
(13, 'Bus', 'Kuakata Express', 40, 'Dhaka', '2025-03-12 06:00:00', '01731111222'),
(14, 'Bus', 'Heritage Travels', 40, 'Dhaka', '2025-03-12 09:00:00', '01743333444'),
(15, 'Bus', 'Chittagong Travels', 50, 'Dhaka', '2025-03-14 06:30:00', '01738888999'),
(16, 'Bus', 'Kuakata Express', 40, 'Dhaka', '2025-03-15 06:00:00', '01731111222'),
(17, 'Bus', 'Heritage Express', 40, 'Dhaka', '2025-03-15 10:00:00', '01744444555'),
(18, 'Bus', 'Tea Garden Travels', 40, 'Dhaka', '2025-03-16 08:00:00', '01739990000'),
(19, 'Bus', 'Jaflong Express', 40, 'Dhaka', '2025-03-17 07:00:00', '01741111222'),
(20, 'Bus', 'Kuakata Travels', 40, 'Dhaka', '2025-03-18 07:00:00', '01732222333'),
(21, 'Bus', 'Highland Travels', 40, 'Dhaka', '2025-03-18 08:00:00', '01742222333'),
(22, 'Bus', 'Culture Travels', 40, 'Dhaka', '2025-03-19 08:30:00', '01745555666'),
(23, 'Bus', 'Jaflong Express', 40, 'Dhaka', '2025-03-20 07:00:00', '01741111222'),
(24, 'Bus', 'Green Travels', 40, 'Dhaka', '2025-03-20 08:00:00', '01726667777'),
(25, 'Airplane', 'US-Bangla Airlines', 100, 'Dhaka', '2025-03-21 07:30:00', '01746666777'),
(26, 'Bus', 'Bandarban Express', 40, 'Dhaka', '2025-03-21 07:45:00', '01737777888'),
(27, 'Bus', 'Heritage Travels', 40, 'Dhaka', '2025-03-22 09:00:00', '01743333444'),
(28, 'Ship', 'Sundarban Ship Service', 30, 'Khulna', '2025-03-22 10:00:00', '01733333444'),
(29, 'Bus', 'Tea Garden Travels', 40, 'Dhaka', '2025-03-26 08:00:00', '01739990000'),
(30, 'Bus', 'Hill Travels', 40, 'Dhaka', '2025-03-27 08:30:00', '01736666777'),
(31, 'Bus', 'Heritage Express', 40, 'Dhaka', '2025-03-28 08:00:00', '01744444555'),
(32, 'Bus', 'Culture Travels', 40, 'Dhaka', '2025-03-29 08:30:00', '01745555666'),
(33, 'Bus', 'Jaflong Express', 40, 'Dhaka', '2025-03-30 07:00:00', '01741111222'),
(34, 'Ship', 'Sundarban Cruise', 30, 'Khulna', '2025-04-05 09:00:00', '01734444555'),
(35, 'Ship', 'Sundarban Ship Service', 30, 'Khulna', '2025-04-06 10:00:00', '01733333444'),
(36, 'Ship', 'Sundarban Cruise', 30, 'Khulna', '2025-04-07 09:00:00', '01734444555'),
(37, 'Ship', 'Sundarban Ship Service', 30, 'Khulna', '2025-04-08 10:00:00', '01733333444'),
(38, 'Ship', 'Sundarban Ship Service', 30, 'Khulna', '2025-04-10 10:00:00', '01733333444'),
(39, 'Bus', 'Green Travels', 40, 'Dhaka', '2025-04-10 08:00:00', '01726667777');

INSERT INTO schedules (id, start_date, end_date, status, package_id, staff_id, transportation_id) VALUES
(1, '2025-03-01', '2025-03-02', 'Completed', 1, 3, 1),
(2, '2025-03-03', '2025-03-03', 'Completed', 6, 2, 2),
(3, '2025-03-05', '2025-03-07', 'Completed', 2, 3, 3),
(4, '2025-03-05', '2025-03-07', 'Completed', 7, 2, 4),
(5, '2025-03-06', '2025-03-08', 'Completed', 2, 3, 5),
(6, '2025-03-07', '2025-03-11', 'Completed', 8, 2, 6),
(7, '2025-03-08', '2025-03-08', 'Completed', 6, 2, 7),
(8, '2025-03-09', '2025-03-13', 'Completed', 9, 5, 8),
(9, '2025-03-10', '2025-03-16', 'Completed', 3, 3, 9),
(10, '2025-03-10', '2025-03-10', 'Completed', 13, 4, 10),
(11, '2025-03-11', '2025-03-13', 'Completed', 10, 5, 11),
(12, '2025-03-11', '2025-03-11', 'Completed', 16, 4, 12),
(13, '2025-03-12', '2025-03-12', 'Completed', 4, 3, 13),
(14, '2025-03-12', '2025-03-12', 'Completed', 15, 4, 14),
(15, '2025-03-14', '2025-03-22', 'Completed', 11, 5, 15),
(16, '2025-03-15', '2025-03-15', 'Completed', 4, 3, 16),
(17, '2025-03-15', '2025-03-15', 'Completed', 16, 4, 17),
(18, '2025-03-16', '2025-03-18', 'Completed', 12, 3, 18),
(19, '2025-03-17', '2025-03-17', 'Completed', 13, 4, 19),
(20, '2025-03-18', '2025-03-20', 'Completed', 5, 5, 20),
(21, '2025-03-18', '2025-03-22', 'Completed', 14, 6, 21),
(22, '2025-03-19', '2025-03-20', 'Completed', 17, 4, 22),
(23, '2025-03-20', '2025-03-20', 'Completed', 13, 4, 23),
(24, '2025-03-20', '2025-03-21', 'Completed', 1, 3, 24),
(25, '2025-03-21', '2025-04-04', 'Ongoing', 18, 2, 25),
(26, '2025-03-21', '2025-03-23', 'Completed', 10, 5, 26),
(27, '2025-03-22', '2025-03-22', 'Completed', 15, 4, 27),
(28, '2025-03-22', '2025-03-22', 'Completed', 6, 2, 28),
(29, '2025-03-26', '2025-03-28', 'Completed', 12, 3, 29),
(30, '2025-03-27', '2025-03-31', 'Completed', 9, 5, 30),
(31, '2025-03-28', '2025-03-28', 'Completed', 16, 4, 31),
(32, '2025-03-29', '2025-03-30', 'Completed', 17, 4, 32),
(33, '2025-03-30', '2025-03-30', 'Completed', 13, 4, 33),
(34, '2025-04-05', '2025-04-07', 'Upcoming', 2, 7, 34),
(35, '2025-04-06', '2025-04-06', 'Upcoming', 6, 2, 35),
(36, '2025-04-07', '2025-04-09', 'Upcoming', 7, 4, 36),
(37, '2025-04-08', '2025-04-08', 'Upcoming', 6, 6, 37),
(38, '2025-04-10', '2025-04-10', 'Upcoming', 6, 2, 38),
(39, '2025-04-10', '2025-04-12', 'Upcoming', 1, 3, 39);

INSERT INTO bookings (id, tourist_id, schedule_id, persons, status, timestamp) VALUES
(1, 5, 2, 4, 'Confirmed', '2025-01-01 08:00:00'),
(2, 1, 3, 3, 'Confirmed', '2025-01-01 09:15:00'),
(3, 3, 4, 2, 'Confirmed', '2025-01-02 10:30:00'),
(4, 6, 2, 2, 'Confirmed', '2025-01-02 11:45:00'),
(5, 8, 3, 3, 'Confirmed', '2025-01-05 12:00:00'),
(6, 2, 1, 4, 'Confirmed', '2025-01-06 13:00:00'),
(7, 7, 2, 3, 'Confirmed', '2025-01-06 14:20:00'),
(8, 9, 4, 2, 'Confirmed', '2025-01-09 15:30:00'),
(9, 5, 3, 4, 'Confirmed', '2025-01-10 16:45:00'),
(10, 3, 4, 2, 'Confirmed', '2025-01-12 17:00:00'),
(11, 6, 4, 3, 'Confirmed', '2025-01-13 18:15:00'),
(12, 10, 1, 1, 'Confirmed', '2025-01-15 19:30:00'),
(13, 2, 2, 4, 'Confirmed', '2025-01-18 20:40:00'),
(14, 10, 3, 3, 'Confirmed', '2025-01-19 21:00:00'),
(15, 3, 2, 3, 'Confirmed', '2025-01-22 22:10:00'),
(16, 7, 1, 4, 'Confirmed', '2025-01-23 08:25:00'),
(17, 9, 4, 4, 'Confirmed', '2025-01-24 09:35:00'),
(18, 5, 2, 2, 'Confirmed', '2025-01-27 10:50:00'),
(19, 10, 3, 3, 'Confirmed', '2025-01-29 11:15:00'),
(20, 4, 4, 4, 'Confirmed', '2025-02-02 12:30:00'),
(21, 8, 1, 4, 'Confirmed', '2025-02-03 13:45:00'),
(22, 6, 3, 3, 'Confirmed', '2025-02-05 14:55:00'),
(23, 2, 2, 2, 'Confirmed', '2025-02-06 15:30:00'),
(24, 7, 4, 4, 'Confirmed', '2025-02-08 16:40:00'),
(25, 1, 1, 3, 'Confirmed', '2025-02-09 17:50:00'),
(26, 10, 2, 2, 'Confirmed', '2025-02-10 18:10:00'),
(27, 3, 3, 3, 'Confirmed', '2025-02-13 19:25:00'),
(28, 9, 2, 3, 'Confirmed', '2025-02-14 20:00:00'),
(29, 8, 4, 4, 'Confirmed', '2025-02-15 21:20:00'),
(30, 10, 2, 3, 'Confirmed', '2025-02-18 22:00:00'),
(31, 5, 3, 3, 'Pending', '2025-02-20 08:30:00'),
(32, 2, 1, 3, 'Confirmed', '2025-02-20 09:45:00'),
(33, 4, 2, 2, 'Confirmed', '2025-02-22 10:00:00'),
(34, 7, 4, 3, 'Pending', '2025-02-23 11:10:00'),
(35, 6, 3, 2, 'Confirmed', '2025-02-25 12:00:00'),
(36, 8, 1, 4, 'Confirmed', '2025-02-26 13:15:00'),
(37, 1, 2, 3, 'Confirmed', '2025-03-01 14:25:00'),
(38, 9, 4, 3, 'Confirmed', '2025-03-02 15:35:00'),
(39, 4, 3, 2, 'Confirmed', '2025-03-03 16:00:00'),
(40, 10, 2, 3, 'Confirmed', '2025-03-04 17:20:00'),
(41, 7, 4, 3, 'Confirmed', '2025-03-05 18:30:00'),
(42, 4, 1, 2, 'Confirmed', '2025-03-06 19:40:00'),
(43, 2, 3, 4, 'Pending', '2025-03-08 20:55:00'),
(44, 5, 2, 3, 'Confirmed', '2025-03-10 21:25:00'),
(45, 6, 4, 3, 'Confirmed', '2025-03-12 08:40:00'),
(46, 1, 2, 2, 'Confirmed', '2025-03-13 09:55:00'),
(47, 3, 3, 2, 'Pending', '2025-03-14 11:00:00'),
(48, 7, 2, 4, 'Confirmed', '2025-03-16 12:15:00'),
(49, 8, 1, 3, 'Confirmed', '2025-03-17 13:30:00'),
(50, 10, 4, 4, 'Pending', '2025-03-18 14:45:00'),
(51, 1, 3, 3, 'Confirmed', '2025-03-20 09:30:00'),
(52, 1, 2, 4, 'Pending', '2025-03-20 14:00:00'),
(53, 1, 3, 3, 'Confirmed', '2025-03-21 11:15:00'),
(54, 1, 1, 2, 'Cancelled', '2025-03-22 13:50:00'),
(55, 4, 2, 3, 'Confirmed', '2025-03-22 16:10:00'),
(56, 7, 4, 4, 'Confirmed', '2025-03-23 18:25:00'),
(57, 5, 2, 3, 'Confirmed', '2025-03-23 20:00:00'),
(58, 3, 3, 4, 'Confirmed', '2025-03-24 10:00:00'),
(59, 2, 4, 2, 'Pending', '2025-03-24 13:30:00'),
(60, 1, 2, 3, 'Confirmed', '2025-03-25 09:45:00'),
(61, 10, 3, 4, 'Confirmed', '2025-03-25 17:00:00'),
(62, 4, 4, 2, 'Cancelled', '2025-03-26 14:30:00'),
(63, 6, 3, 4, 'Pending', '2025-03-28 11:20:00'),
(64, 10, 2, 3, 'Confirmed', '2025-03-29 12:00:00'),
(65, 4, 1, 2, 'Confirmed', '2025-03-30 15:10:00'),
(66, 5, 35, 2, 'Confirmed', '2025-04-01 10:00:00'),
(67, 12, 36, 4, 'Confirmed', '2025-04-03 12:30:00'),
(68, 20, 37, 1, 'Confirmed', '2025-04-07 15:45:00'),
(69, 7, 35, 3, 'Confirmed', '2025-04-05 09:15:00'),
(70, 15, 35, 5, 'Confirmed', '2025-04-02 14:20:00'),
(71, 22, 36, 2, 'Confirmed', '2025-04-04 11:00:00'),
(72, 3, 37, 6, 'Confirmed', '2025-04-08 16:30:00'),
(73, 18, 35, 1, 'Confirmed', '2025-04-06 08:45:00'),
(74, 10, 35, 3, 'Confirmed', '2025-04-03 10:15:00'),
(75, 27, 36, 4, 'Confirmed', '2025-04-05 13:00:00'),
(76, 6, 37, 2, 'Confirmed', '2025-04-08 09:30:00'),
(77, 14, 38, 5, 'Confirmed', '2025-04-06 07:45:00'),
(78, 1, 35, 1, 'Confirmed', '2025-04-01 09:00:00'),
(79, 29, 36, 3, 'Confirmed', '2025-04-04 15:00:00'),
(80, 8, 37, 6, 'Confirmed', '2025-04-08 12:00:00'),
(81, 11, 38, 2, 'Confirmed', '2025-04-05 11:30:00'),
(82, 4, 35, 4, 'Confirmed', '2025-04-02 16:00:00'),
(83, 17, 36, 5, 'Confirmed', '2025-04-04 10:30:00'),
(84, 30, 37, 1, 'Confirmed', '2025-04-07 08:15:00'),
(85, 9, 38, 3, 'Confirmed', '2025-04-06 14:00:00'),
(86, 9, 39, 3, 'Confirmed', '2025-04-06 16:00:00'),
(87, 9, 39, 6, 'Confirmed', '2025-04-06 17:00:00'),
(88, 9, 39, 2, 'Confirmed', '2025-04-06 18:02:00');

INSERT INTO payments (id, booking_id, method, status, amount, timestamp) VALUES
(1, 1, 'Bkash', 'Confirmed', 4500.00, '2025-01-02 11:45:00'),
(2, 2, 'Rocket', 'Confirmed', 4500.00, '2025-01-05 12:00:00'),
(3, 3, 'Nagad', 'Confirmed', 2000.00, '2025-01-06 13:00:00'),
(4, 4, 'Bank Transfer', 'Confirmed', 7000.00, '2025-01-06 14:20:00'),
(5, 5, 'Cash', 'Confirmed', 7000.00, '2025-01-09 15:30:00'),
(6, 6, 'Cheque', 'Confirmed', 10000.00, '2025-01-10 16:45:00'),
(7, 7, 'Bkash', 'Confirmed', 2000.00, '2025-01-12 17:00:00'),
(8, 8, 'Rocket', 'Confirmed', 9000.00, '2025-01-13 18:15:00'),
(9, 9, 'Nagad', 'Confirmed', 11000.00, '2025-01-15 19:30:00'),
(10, 10, 'Bank Transfer', 'Confirmed', 2000.00, '2025-01-18 20:40:00'),
(11, 11, 'Cash', 'Confirmed', 7000.00, '2025-01-19 21:00:00'),
(12, 12, 'Cheque', 'Confirmed', 10000.00, '2025-01-22 22:10:00'),
(13, 13, 'Bkash', 'Confirmed', 4500.00, '2025-01-23 08:25:00'),
(14, 14, 'Rocket', 'Confirmed', 2000.00, '2025-01-24 09:35:00'),
(15, 15, 'Nagad', 'Confirmed', 7000.00, '2025-01-27 10:50:00'),
(16, 16, 'Bank Transfer', 'Confirmed', 2000.00, '2025-01-29 11:15:00'),
(17, 17, 'Cash', 'Confirmed', 1000.00, '2025-02-02 12:30:00'),
(18, 18, 'Cheque', 'Confirmed', 1000.00, '2025-02-03 13:45:00'),
(19, 19, 'Bkash', 'Confirmed', 4500.00, '2025-02-05 14:55:00'),
(20, 20, 'Rocket', 'Confirmed', 9000.00, '2025-02-06 15:30:00'),
(21, 21, 'Nagad', 'Confirmed', 2000.00, '2025-02-08 16:40:00'),
(22, 22, 'Bank Transfer', 'Confirmed', 7000.00, '2025-02-09 17:50:00'),
(23, 23, 'Cash', 'Confirmed', 4500.00, '2025-02-10 18:10:00'),
(24, 24, 'Cheque', 'Confirmed', 10000.00, '2025-02-13 19:25:00'),
(25, 25, 'Bkash', 'Confirmed', 2000.00, '2025-02-14 20:00:00'),
(26, 26, 'Rocket', 'Confirmed', 11000.00, '2025-02-15 21:20:00'),
(27, 27, 'Nagad', 'Confirmed', 7000.00, '2025-02-18 22:00:00'),
(28, 28, 'Bank Transfer', 'Confirmed', 2000.00, '2025-02-20 08:30:00'),
(29, 29, 'Cash', 'Confirmed', 4500.00, '2025-02-22 10:00:00'),
(30, 30, 'Cheque', 'Confirmed', 1000.00, '2025-02-23 11:10:00'),
(31, 31, 'Bkash', 'Confirmed', 4500.00, '2025-02-25 12:00:00'),
(32, 32, 'Rocket', 'Confirmed', 7000.00, '2025-02-26 13:15:00'),
(33, 33, 'Nagad', 'Confirmed', 2000.00, '2025-03-01 14:25:00'),
(34, 34, 'Bank Transfer', 'Confirmed', 7000.00, '2025-03-02 15:35:00'),
(35, 35, 'Cash', 'Confirmed', 10000.00, '2025-03-03 16:00:00'),
(36, 36, 'Cheque', 'Confirmed', 4500.00, '2025-03-04 17:20:00'),
(37, 37, 'Bkash', 'Confirmed', 2000.00, '2025-03-05 18:30:00'),
(38, 38, 'Rocket', 'Confirmed', 7000.00, '2025-03-06 19:40:00'),
(39, 39, 'Nagad', 'Confirmed', 4500.00, '2025-03-08 20:55:00'),
(40, 40, 'Bank Transfer', 'Confirmed', 11000.00, '2025-03-10 21:25:00'),
(41, 41, 'Cash', 'Confirmed', 10000.00, '2025-03-12 08:40:00'),
(42, 42, 'Cheque', 'Confirmed', 1000.00, '2025-03-13 09:55:00'),
(43, 43, 'Bkash', 'Confirmed', 4500.00, '2025-03-14 11:00:00'),
(44, 44, 'Rocket', 'Confirmed', 7000.00, '2025-03-16 12:15:00'),
(45, 45, 'Nagad', 'Confirmed', 10000.00, '2025-03-17 13:30:00'),
(46, 46, 'Bank Transfer', 'Confirmed', 4500.00, '2025-03-18 14:45:00'),
(47, 47, 'Cash', 'Confirmed', 2000.00, '2025-03-20 09:30:00'),
(48, 48, 'Cheque', 'Confirmed', 10000.00, '2025-03-21 11:15:00'),
(49, 49, 'Bkash', 'Confirmed', 2000.00, '2025-03-22 13:50:00'),
(50, 50, 'Rocket', 'Confirmed', 7000.00, '2025-03-23 15:30:00'),
(51, 66, 'Bkash', 'Confirmed', 2000.00, '2025-04-01 10:00:00'),
(52, 67, 'Rocket', 'Confirmed', 2000.00, '2025-04-03 12:30:00'),
(53, 68, 'Nagad', 'Confirmed', 2000.00, '2025-04-07 15:45:00'),
(54, 69, 'Bank Transfer', 'Confirmed', 2000.00, '2025-04-05 09:15:00'),
(55, 70, 'Cash', 'Confirmed', 2000.00, '2025-04-02 14:20:00'),
(56, 71, 'Cheque', 'Confirmed', 2000.00, '2025-04-04 11:00:00'),
(57, 72, 'Bkash', 'Confirmed', 2000.00, '2025-04-08 16:30:00'),
(58, 73, 'Rocket', 'Confirmed', 2000.00, '2025-04-06 08:45:00'),
(59, 74, 'Nagad', 'Confirmed', 2000.00, '2025-04-03 10:15:00'),
(60, 75, 'Bank Transfer', 'Confirmed', 2000.00, '2025-04-05 13:00:00'),
(61, 76, 'Cash', 'Confirmed', 2000.00, '2025-04-08 09:30:00'),
(62, 77, 'Cheque', 'Confirmed', 2000.00, '2025-04-06 07:45:00'),
(63, 78, 'Bkash', 'Confirmed', 2000.00, '2025-04-01 09:00:00'),
(64, 79, 'Rocket', 'Confirmed', 2000.00, '2025-04-04 15:00:00'),
(65, 80, 'Nagad', 'Confirmed', 2000.00, '2025-04-08 12:00:00'),
(66, 81, 'Bank Transfer', 'Confirmed', 2000.00, '2025-04-05 11:30:00'),
(67, 82, 'Cash', 'Confirmed', 2000.00, '2025-04-02 16:00:00'),
(68, 83, 'Cheque', 'Confirmed', 2000.00, '2025-04-04 10:30:00'),
(69, 84, 'Bkash', 'Confirmed', 2000.00, '2025-04-07 08:15:00'),
(70, 85, 'Rocket', 'Confirmed', 2000.00, '2025-04-06 14:00:00');

INSERT INTO hotels (id, location, name, contact, rating) VALUES
(1, 'Cox’s Bazar', 'Hotel Cox’s Palace', '01721112222', 5),
(2, 'Sundarbans', 'Royal Sundarban Hotel', '01723334444', 4),
(3, 'Saint Martin’s Island', 'Saint Martin Resort', '01725556666', 3),
(4, 'Sajek Valley', 'Sajek Valley Hotel', '01727778888', 4),
(5, 'Sylhet', 'Tea Garden Hotel', '01729990000', 5),
(6, 'Bandarban', 'Nilgiri Hill Resort', '01731111222', 4),
(7, 'Kuakata', 'Kuakata Seaside Hotel', '01732222333', 3),
(8, 'Paharpur', 'Paharpur Heritage Inn', '01733333444', 4),
(9, 'Sreemangal', 'Sreemangal Tea Lodge', '01734444555', 3),
(10, 'Bagerhat', 'Bagerhat Heritage Hotel', '01735555666', 5);

INSERT INTO hotel_bookings (id, schedule_id, hotel_id, check_in, check_out, status) VALUES
(1, 1, 1, '2025-03-10', '2025-03-12', 'Confirmed'),
(2, 2, 2, '2025-04-05', '2025-04-08', 'Pending'),
(3, 3, 3, '2025-05-12', '2025-05-15', 'Confirmed'),
(4, 4, 4, '2025-06-20', '2025-06-22', 'Cancelled'),
(5, 5, 5, '2025-07-15', '2025-07-18', 'Confirmed'),
(6, 6, 6, '2025-08-10', '2025-08-12', 'Pending'),
(7, 7, 7, '2025-09-22', '2025-09-25', 'Confirmed'),
(8, 8, 8, '2025-10-01', '2025-10-04', 'Confirmed'),
(9, 9, 9, '2025-11-05', '2025-11-08', 'Pending'),
(10, 10, 10, '2025-12-10', '2025-12-12', 'Confirmed'),
(11, 39, 1, '2025-12-10', '2025-12-12', 'Confirmed');

INSERT INTO reviews (id, tourist_id, package_id, comment, rating, timestamp) VALUES
(1, 1, 1, 'Amazing experience! The sea beach is breathtaking and the hotel was excellent.', 5, '2025-03-12 10:30:00'),
(2, 2, 2, 'Great experience but the transport was delayed. The guide was helpful though.', 4, '2025-04-08 14:00:00'),
(3, 3, 4, 'Saint Martin’s Island was beautiful, but I wish the trip was longer.', 4, '2025-05-16 11:15:00'),
(4, 4, 11, 'The trip was cancelled at the last moment. Really disappointed with the service.', 2, '2025-06-22 16:00:00'),
(5, 5, 13, 'Fantastic trip! The tea gardens and waterfalls were amazing.', 5, '2025-07-18 13:00:00'),
(6, 6, 2, 'The trip was good, but there were some issues with the accommodation.', 3, '2025-08-12 16:45:00'),
(7, 7, 3, 'Wonderful trip! The guide was great and the experience was unforgettable.', 5, '2025-09-25 09:30:00'),
(8, 8, 6, 'A bit expensive for the short duration of the trip, but it was worth it.', 4, '2025-10-04 12:15:00'),
(9, 9, 13, 'Loved the rainforests and the tea gardens. Highly recommended!', 5, '2025-11-08 14:20:00'),
(10, 10, 5, 'Good experience overall, but the weather was not on our side.', 3, '2025-12-12 17:30:00');
